Bazar - Hledání Eldoráda;845 Kč
Bazar - Společenství dobrodruhů;885 Kč
Bazar - Bang! - kostková hra;370 Kč
Bazar - MARVEL: Rukavice nekonečna;365 Kč
Bazar - Velonimo;200 Kč
Bazar - Solarius Mission;775 Kč
Bazar - Armádní generál: Velitel zásobování;825 Kč
Bazar - Vesnička;785 Kč
Bazar - Crimson Company Collector's Box;720 Kč
Bazar - Vigilante;875 Kč
Bazar - The Elder Scrolls V: Skyrim - Dobrodružná hra;2 750 Kč
Bazar - Sanctum CZ;790 Kč
Bazar - Through the Ages: Nový příběh civilizace;1 190 Kč
Bazar - Dark Souls: The Board Game – Painted World of Ariamis;2 125 Kč
Bazar - Excavation Earth;925 Kč
Bazar - Tik Tak Bum Chain Reaction;340 Kč
Bazar - Siege storm + Serafie + Styxie;550 Kč
Bazar - Záchranáři: Boj s ohněm;565 Kč
Bazar - Splendor: Marvel EN;685 Kč
Bazar - Chronicles of Frost;485 Kč
Bazar - Krycí jména: Disney;590 Kč
Bazar - Pandemic: Epicentrum - Evropa;355 Kč
Bazar - Troll;345 Kč
Bazar - Sabotér: Duel;255 Kč
Bazar - Excavation Earth: Second Wave Expansion;455 Kč
Bazar - Mlsné kočky;365 Kč
Bazar - Catan - Rozšíření pro 5-6 hráčů;475 Kč
Bazar - Osadníci z Katanu: Atlantis;785 Kč
Bazar - Dominion: Big Box II;1 345 Kč
Bazar - Dominion Seaside;735 Kč
Bazar - ISS Vanguard: Close Encounters Miniatures;1 950 Kč
Bazar - Svět po nás + obalené karty;800 Kč
Bazar - Way of the Fighter: Turbo;990 Kč
Bazar - Small World of Warcraft CZ;1 250 Kč
Bazar - Duna: Hra o dobývání a diplomacii;1 095 Kč
Bazar - Catapult Feud;775 Kč
Bazar - Čtveráček;220 Kč
Bazar - Zápalky;155 Kč
Bazar - Time's Up! Celebrity;320 Kč
Bazar - City blox;440 Kč
Bazar - BrainBox - Svět;220 Kč
Bazar - Kronika zločinu;625 Kč
Bazar - Abyss CZ;1 190 Kč
Bazar - Alchymisté - Královský golem (fólie);600 Kč
Bazar - Divoká Serengeti a rozšíření Specialisté + UV insert a obalené karty;1 600 Kč
Bazar - MonstroCity;875 Kč
Bazar - Mindbug: First Contact EN;380 Kč
Bazar - Settlers: Zrod impéria;670 Kč
Bazar - Kmotr: Impérium Corleonů;1 620 Kč
Bazar - Dan and Phil's Truth Bombs;265 Kč
Bazar - Parky: Na cestách;355 Kč
Bazar - ISS Vanguard EN;3 125 Kč
Bazar - Civilization: A New Dawn - Terra Incognita;820 Kč
Bazar - Civilzace: Nový úsvit;925 Kč
Bazar - Catan - Kupci a Barbaři;795 Kč
Bazar - Hra o trůny: desková hra (druhá edice);1 345 Kč
Bazar - Savannah Park (CZ);595 Kč
Bazar - Zelená planeta;1 025 Kč
Bazar - Catan - Hvězdoplavci;1 445 Kč
Bazar - Captain Sonar;745 Kč
Bazar - Tang Garden;1 485 Kč
Bazar - Dwarf;480 Kč
Bazar - Dark Souls: The Card Game + Forgotten Paths Expansion a obalené karty;1 190 Kč
Bazar - Dva bratři + promo;515 Kč
Bazar - Ptačí říše + 10 promo karet;745 Kč
Bazar - Euthia: Torment of Resurrection - Tematické kostky (fólie);715 Kč
Bazar - UFO: Únosy fascinujících objektů;215 Kč
Bazar - Mysthea Essential Edition;1 745 Kč
Bazar - Rudý úsvit;565 Kč
Bazar - Root: The Clockwork Expansion 2;795 Kč
Bazar - Root: The Clockwork Expansion;845 Kč
Bazar - This War of Mine;1 350 Kč
Bazar - Zombicide: Invader - Black Ops;1 420 Kč
Bazar - Legendary: A Marvel Deck Building Game + insert a obaleno;1 460 Kč
Bazar - Spaceship Unity – Season 1.1;700 Kč
Bazar - Harry Potter Hogwarts Battle: The Monster Box of Monsters Expansion;620 Kč
Bazar - Ostrov dinosaurů: Hoď a kroť;600 Kč
Bazar - New York ZOO;800 Kč
Bazar - Savana;600 Kč
Bazar - Marvel X-MEN: Povstání mutantů;580 Kč
Bazar - Wishland;500 Kč
Bazar - Extraordinary Adventures: Pirates!;670 Kč
Bazar - End of the Line;500 Kč
Bazar - Říše příšer + obalené karty;570 Kč
Bazar - Nemesis - Lockdown Stretch Goals - EN (bez komiksu);1 200 Kč
Bazar - Rodinná trefa;250 Kč
Bazar - Guardians of Haversack CZ/EN;500 Kč
Bazar - Smart Vikingové v bouři;300 Kč
Bazar - Zombicide (2012);1 150 Kč
Bazar - Pixel Tactics Deluxe + Pixel Tactics 3;655 Kč
Bazar - Small World - Underground;900 Kč
Bazar - Ztracená města;680 Kč
Bazar - AYA HL/FR/IT;300 Kč
Bazar - Small World - Underground;900 Kč
Bazar - Kingdom Rush: Rift in Time KS edice;700 Kč
Bazar - Cestovatelé Jižního Tigridu;890 Kč
Bazar - Colour Brain;365 Kč
Bazar - Sync or Swim;200 Kč
Bazar - Star Wars Destiny: Startovní balení pro 2 hráče;475 Kč
Bazar - Runewars Miniatures Game: Latari Elves – Army Expansion;390 Kč
Bazar - God of War: karetní hra;495 Kč
Bazar - Spring Meadow;595 Kč
Bazar - Spring Meadow;825 Kč
Bazar - Descent 2. edice: Výpravy do temnot;1 495 Kč
Bazar - Merlin;500 Kč
Bazar - Crown of Emara;595 Kč
Bazar - Gangster's Dilemma + obalené karty;475 Kč
Bazar - Trieste + obalené karty;200 Kč
Bazar - Board Royale The Island + obalené karty;555 Kč
Bazar - Říše příšer;565 Kč
Bazar - It's a Wonderful World CZ/EN + obalené karty;570 Kč
Bazar - Legacy of Dragonholt;1 250 Kč
Bazar - Encyklopedie;915 Kč
Bazar - Magic: The Gathering – Heroes of Dominaria Board Game Premium Edition;785 Kč
Bazar - Dungeons and Dragons: Vault of Dragons + obalené karty;930 Kč
Bazar - Chronicles of Frost;485 Kč
Bazar - Alien Artifacts + Discovery + Breaktrough + obalené karty;715 Kč
Bazar - After The Empire;1 429 Kč
Bazar - Best Treehouse Ever: Forest of Fun;525 Kč
Bazar - Kokonana! PL;305 Kč
Bazar - Specter Ops;595 Kč
Bazar - A Game of Thrones: The Card Game (2008) + A Game of Thrones: The Card Game – A Roll of the Dice (2012);585 Kč
Bazar - Big Monster;475 Kč
Bazar - Forum Trajanum + česká pravidla;725 Kč
Bazar - Mobile Markets: A Smartphone Inc. Game;715 Kč
Bazar - Space Infantry: Resurgence + Space Infantry: Resurgence – Expansion Pack;1 475 Kč
Bazar - Agents of SMERSH: Epic Edition;1 495 Kč
Bazar - Tiny Towns;520 Kč
Bazar - The City of Kings (chybí dvě desky hráčů!!);640 Kč
Bazar - Monolith Arena;590 Kč
Bazar - All Stars Playlist;50 Kč
Bazar - Catherine: The Cities of the Tsarina;585 Kč
Bazar - Monumental CZ;1 495 Kč
Bazar - Bloodborne Chalice Dungeon - EN;1 350 Kč
Bazar - Mighty Monsters;200 Kč
